,Islamic,,Islamic_History,,Personality,,Short Story,,Poetry,,Language,,Geography,,History,,Scientific,,Society,,Novel
Mualim-ul- Quran,1,Ehd-e-Risalat ka Khanosh Inqalab,1,Umaht-ul-Mominin,1,Sweet Valley,1,Poems,1,Arabic Course,2,,,Hazaron Saala Jad-o-Jahed-e-Azadi,1,Games Peoples Play,1,How My Family Lives In Naski,1,Clive Cluster,1
Muslim,1,Auraq-e-Tarikh,1,Muhammad,2,Tongue to Tongue,1,Love Divine & Poems,1,Sta Yadona(Pashto),1,,,America Par Hamla,1,Fortune Teller,1,Kamyab Talib Ilm,1,Janat ki Talash,2
Tib-e-Nabwi Aur jadeed Science,1,Tarikh-e-Islam,2,Muhammad Arabi,1,Our Grand Mother,1,Zara si baat,1,baloch Journalism,1,,,mashriq ko Zara Dekh,1,Encyclopedia,1,Taleemi Kamyabi,1,Jane Austen,1
Soch ka Hamaliyan,1,Durus-e-Sirat,1,Muhammad Rasool Ullah,1,Padding Ton at the Circus,1,,,,,,,World,1,Science aur faniyat pak Ke 41 Saal,1,Kitabein Hain Chman,1,Ghadar,1
Kamyabi ka Paigham,1,Mukhtasar Tarikh-e-Islam,1,Sultan  Salah uddin,1,The Greedy Rabbit,1,,,,,,,Khufiyan Reportein,1,Computer Learning ,1,Suno tum Sitare Ho,1,Tais,2
Ujalah,1,Ashab-e-Kahf,1,Seerat Khatim-un-Nabiyin,1,Plain Tales,1,,,,,,,Tarikh-e-Pakistan,1,Business,1,Nashe Se Nijat,1,Black Water,1
Muslim Today,1,Balochistan mein sahaba Karam,2,Sulatan Muhammad Fateh,2,Quaid kahani,1,,,,,,,Gerneli sarak,1,Object Technology,1,Sunehri baatein,1,Thousand Splendid suns,2
Quran Aur Ilm-e-Jadeed,1,Gaza,1,Abu bakkar,3,,,,,,,,,jadeed Dunyian ki Mukhtasar Tarikh,1,,,Hakayat Aftab,1,The Lost Ring,1
Ruh-o-Rehan,1,harmain Ke Musafir,1,39 bade Admi,1,,,,,,,,,Through The Centuries,1,,,Civil Service worldwide,1,Walidain,1
Parda,1,Fatah-e-Qustuntuniya,1,Khalid Bin Waleed,1,,,,,,,,,Talkhiyan,1,,,Hakayat-e-Rumi,1,Sab rang Kahaniya,1
Sunehri Shuayen,1,Muarika Jalula,1,Ameer Taimoor,1,,,,,,,,,Turkey,1,,,GUftafu,2,Farie Queen,1
Hum kaise Musalman Hue,1,Tarikh-e-Saltanat-e-Usmania,1,Nanhe Sahaba,1,,,,,,,,,Shaitaniyat ki Tarikh,2,,,Kamyab zindagi-4,1,Broken Wings,2
"Islam, A Brief guide",1,Tarikh-e-Islam,1,Rehmat Alam,1,,,,,,,,,World-45,1,,,Fagaristan,1,ek Qatra Khoon,1
Luh-e-Qalam,1,Contomporary Muslim World,1,Muslim 100,1,,,,,,,,,Samraj Aur Pakistan,1,,,Adab Zindagi,1,Black Barty,1
,,,,,,,,,,,,,,Indo-Pak Since 1526,1,,,Kamyab Log,1,Anokha Safar,1
,,,,,,,,,,,,,,Pehla Safar,1,,,,,Silent Soldier,1
,,,,,,,,,,,,,,,,,,,,Paul Kennely,1
,,,,,,,,,,,,,,,,,,,,Father And Sons,1
